<?xml version="1.0" encoding="UTF-8"?>
<project-private xmlns="http://www.netbeans.org/ns/project-private/1">
    <editor-bookmarks xmlns="http://www.netbeans.org/ns/editor-bookmarks/2" lastBookmarkId="0"/>
    <open-files xmlns="http://www.netbeans.org/ns/projectui-open-files/2">
        <group>
            <file>file:/C:/Users/Jonathan/Documents/NetBeansProjects/HDLC/src/hdlc/FrameType.java</file>
            <file>file:/C:/Users/Jonathan/Documents/NetBeansProjects/HDLC/src/hdlc/Frame.java</file>
            <file>file:/C:/Users/Jonathan/Documents/NetBeansProjects/HDLC/src/hdlc/Receiver.java</file>
            <file>file:/C:/Users/Jonathan/Documents/NetBeansProjects/HDLC/src/hdlc/Utils.java</file>
            <file>file:/C:/Users/Jonathan/Documents/NetBeansProjects/HDLC/src/hdlc/Sender.java</file>
        </group>
    </open-files>
</project-private>
